3-letters,4-letters,5-letters,6-letters,7-letters
aba,able,about,abroad,ability
abs,acid,above,accept,absence
ace,aged,abuse,access,academy
act,also,actor,across,account
add,area,acute,acting,accused
ado,army,admit,action,achieve
aft,away,adopt,active,acquire
age,baby,adult,actual,address
ago,back,after,advice,advance
aha,ball,again,advise,adverse
aid,band,agent,affect,advised
aim,bank,agree,afford,adviser
air,base,ahead,afraid,against
ala,bath,alarm,agency,airline
ale,bear,album,agenda,airport
all,beat,alert,almost,alcohol
alt,been,alike,always,alleged
amp,beer,alive,amount,already
ana,bell,allow,animal,analyst
and,belt,alone,annual,ancient
ant,best,along,answer,another
any,bill,alter,anyone,anxiety
ape,bird,among,anyway,anxious
app,blow,anger,appeal,anybody
apt,blue,Angle,appear,applied
arc,boat,angry,around,arrange
are,body,apart,arrive,arrival
ark,bomb,apple,artist,article
arm,bond,apply,aspect,assault
art,bone,arena,assess,assumed
ash,book,argue,assist,assured
ask,boom,arise,assume,attempt
asp,born,array,attack,attract
ass,boss,aside,attend,auction
ate,both,asset,august,average
ave,bowl,audio,author,backing
awe,bulk,audit,avenue,balance
axe,burn,avoid,backed,banking
aye,bush,award,barely,barrier
BAA,busy,aware,battle,battery
bad,call,badly,beauty,bearing
bag,calm,baker,became,beating
ban,came,bases,become,because
bar,camp,basic,before,bedroom
bat,card,basis,behalf,believe
bay,care,beach,behind,beneath
bed,case,began,belief,benefit
bee,cash,begin,belong,besides
beg,cast,begun,berlin,between
bel,cell,being,better,billion
ben,chat,below,beyond,binding
bet,chip,bench,bishop,brother
bid,city,billy,border,brought
big,club,birth,bottle,burning
bin,coal,black,bottom,cabinet
bio,coat,blame,bought,caliber
bis,code,blind,branch,calling
bit,cold,block,breath,capable
biz,come,blood,bridge,capital
bob,cook,board,bright,captain
bog,cool,boost,broken,caption
boo,cope,booth,budget,capture
bow,copy,bound,burden,careful
box,CORE,brain,bureau,carrier
boy,cost,brand,button,caution
bra,crew,bread,camera,ceiling
bud,crop,break,cancer,central
Bug,dark,breed,cannot,centric
bum,data,brief,carbon,century
bun,date,bring,career,certain
bus,dawn,broad,castle,chamber
but,days,broke,casual,channel
buy,dead,brown,caught,chapter
bye,deal,build,center,charity
cab,dean,built,centre,charlie
cad,dear,buyer,chance,charter
cam,debt,cable,change,checked
can,deep,calif,charge,chicken
cap,deny,carry,choice,chronic
car,desk,catch,choose,circuit
cat,dial,cause,chosen,classes
chi,dick,chain,church,classic
cob,diet,chair,circle,climate
cod,disc,chart,client,closing
col,disk,chase,closed,closure
con,does,cheap,closer,clothes
coo,done,check,coffee,collect
cop,door,chest,column,college
cor,dose,chief,combat,combine
cos,down,child,coming,comfort
cot,draw,china,common,command
cow,drew,chose,comply,comment
cox,drop,civil,copper,compact
coy,drug,claim,corner,company
cry,dual,class,costly,compare
cub,duke,clean,county,compete
cue,dust,clear,couple,complex
cum,duty,click,course,concept
cup,each,clock,covers,concern
cut,earn,close,create,concert
dab,ease,coach,credit,conduct
dad,east,coast,crisis,confirm
dal,easy,could,custom,connect
dam,edge,count,damage,consent
dan,else,court,danger,consist
day,even,cover,dealer,contact
Dee,ever,craft,debate,contain
def,evil,crash,decade,content
del,exit,cream,decide,contest
den,face,crime,defeat,context
dew,fact,cross,defend,control
did,fail,crowd,define,convert
die,fair,crown,degree,correct
dig,fall,curve,demand,council
dim,farm,cycle,depend,counsel
din,fast,daily,deputy,counter
dip,fate,dance,desert,country
dis,fear,dated,design,crucial
doc,feed,dealt,desire,crystal
doe,feel,death,detail,culture
dog,feet,debut,detect,current
don,fell,delay,device,cutting
dot,felt,depth,differ,dealing
dry,file,doing,dinner,decided
dub,fill,doubt,direct,decline
due,film,dozen,doctor,default
dug,find,draft,dollar,defence
dun,fine,drama,domain,deficit
duo,fire,drawn,double,deliver
dye,firm,dream,driven,density
ear,fish,dress,driver,deposit
eat,five,drill,during,desktop
ebb,flat,drink,easily,despite
ecu,flow,drive,eating,destroy
eft,food,drove,editor,develop
egg,foot,dying,effect,devoted
ego,ford,eager,effort,diamond
elf,form,early,eighth,digital
elm,fort,earth,either,discuss
emu,four,eight,eleven,disease
end,free,elite,emerge,display
era,from,empty,empire,dispute
eta,fuel,enemy,employ,distant
eve,full,enjoy,enable,diverse
eye,fund,enter,ending,divided
fab,gain,entry,energy,drawing
fad,game,equal,engage,driving
fan,gate,error,engine,dynamic
far,gave,event,enough,eastern
fat,gear,every,ensure,economy
fax,gene,exact,entire,edition
fay,gift,exist,entity,elderly
fed,girl,extra,equity,element
fee,give,faith,escape,engaged
fen,glad,false,estate,enhance
few,goal,fault,ethnic,essence
fig,goes,fiber,exceed,evening
fin,gold,field,except,evident
fir,Golf,fifth,excess,exactly
fit,gone,fifty,expand,examine
fix,good,fight,expect,example
flu,gray,final,expert,excited
fly,grew,first,export,exclude
foe,grey,fixed,extend,exhibit
fog,grow,flash,extent,expense
for,gulf,fleet,fabric,explain
fox,hair,floor,facing,explore
fry,half,fluid,factor,express
fun,hall,focus,failed,extreme
fur,hand,force,fairly,factory
gag,hang,forth,fallen,faculty
gal,hard,forty,family,failing
gap,harm,forum,famous,failure
gas,hate,found,father,fashion
gay,have,frame,fellow,feature
gee,head,frank,female,federal
gel,hear,fraud,figure,feeling
gem,heat,fresh,filing,fiction
get,held,front,finger,fifteen
gig,hell,fruit,finish,filling
gin,help,fully,fiscal,finance
god,here,funny,flight,finding
got,hero,giant,flying,fishing
gum,high,given,follow,fitness
gun,hill,glass,forced,foreign
gut,hire,globe,forest,forever
guy,hold,going,forget,formula
gym,hole,grace,formal,fortune
had,holy,grade,format,forward
ham,home,grand,former,founder
has,hope,grant,foster,freedom
hat,host,grass,fought,further
hay,hour,great,fourth,gallery
hem,huge,green,French,gateway
hen,hung,gross,friend,general
her,hunt,group,future,genetic
hey,hurt,grown,garden,genuine
hid,idea,guard,gather,gigabit
him,inch,guess,gender,greater
hip,into,guest,german,hanging
his,iron,guide,global,heading
hit,item,happy,golden,healthy
hog,jack,harry,ground,hearing
hon,jane,heart,growth,heavily
hop,jean,heavy,guilty,helpful
hot,john,hence,handed,helping
how,join,henry,handle,herself
hub,jump,horse,happen,highway
hue,jury,hotel,hardly,himself
hug,just,house,headed,history
huh,keen,human,health,holding
hum,keep,ideal,height,holiday
hut,kent,image,hidden,housing
ice,kept,index,holder,however
icy,kick,inner,honest,hundred
igg,kill,input,impact,husband
ill,kind,issue,import,illegal
imp,king,japan,income,illness
ink,knee,jimmy,indeed,imagine
inn,knew,joint,injury,imaging
ion,know,jones,inside,improve
its,lack,judge,intend,include
ivy,lady,known,intent,initial
jam,laid,label,invest,inquiry
jar,lake,large,island,insight
jaw,land,laser,itself,install
jay,lane,later,jersey,instant
jet,last,laugh,joseph,instead
jew,late,layer,junior,intense
job,lead,learn,killed,interim
joe,left,lease,labour,involve
jog,less,least,latest,jointly
joy,life,leave,latter,journal
jug,lift,legal,launch,journey
jun,like,level,lawyer,justice
kay,line,lewis,leader,justify
ken,link,light,league,keeping
key,list,limit,leaves,killing
kid,live,links,legacy,kingdom
kin,load,lives,length,kitchen
kit,loan,local,lesson,knowing
lab,lock,logic,letter,landing
lac,logo,loose,lights,largely
lad,long,lower,likely,lasting
lag,look,lucky,linked,leading
lam,lord,lunch,liquid,learned
lap,lose,lying,listen,leisure
law,loss,magic,little,liberal
lax,lost,major,living,liberty
lay,love,maker,losing,library
lea,luck,march,lucent,license
led,made,maria,luxury,limited
Lee,mail,match,mainly,listing
leg,main,maybe,making,logical
les,make,mayor,manage,loyalty
let,male,meant,manner,machine
lib,many,media,manual,manager
lid,Mark,metal,margin,married
lie,mass,might,marine,massive
lip,matt,minor,marked,maximum
lit,meal,minus,market,meaning
log,mean,mixed,martin,measure
lot,meat,model,master,medical
low,meet,money,matter,meeting
mac,menu,month,mature,mention
mad,mere,moral,medium,message
mag,mike,motor,member,million
man,mile,mount,memory,mineral
map,milk,mouse,mental,minimal
mar,mill,mouth,merely,minimum
mas,mind,movie,merger,missing
mat,mine,music,method,mission
max,miss,needs,middle,mistake
may,mode,never,miller,mixture
med,mood,newly,mining,monitor
meg,moon,night,minute,monthly
men,more,noise,mirror,morning
Met,most,north,mobile,musical
mid,move,noted,modern,mystery
mil,much,novel,modest,natural
mix,must,nurse,module,neither
mob,name,occur,moment,nervous
mod,navy,ocean,morris,network
mol,near,offer,mostly,neutral
mom,neck,often,mother,notable
mon,need,order,motion,nothing
mop,news,other,moving,nowhere
mot,next,ought,murder,nuclear
mud,nice,paint,museum,nursing
mug,nick,panel,mutual,obvious
mum,nine,paper,myself,offense
nab,none,party,narrow,officer
nah,nose,peace,nation,ongoing
nan,note,peter,native,opening
nap,okay,phase,nature,operate
nay,once,phone,nearby,opinion
neb,only,photo,nearly,optical
neg,onto,piece,nights,organic
net,open,pilot,nobody,outcome
new,oral,pitch,normal,outdoor
nil,over,place,notice,outlook
nip,pace,plain,notion,outside
nod,pack,plane,number,overall
nor,page,plant,object,pacific
nos,paid,plate,obtain,package
not,pain,point,office,painted
now,pair,pound,offset,parking
nun,palm,power,online,partial
nut,park,press,option,partner
oak,part,price,orange,passage
odd,pass,pride,origin,passing
off,past,prime,output,passion
oft,path,print,oxford,passive
oil,peak,prior,packed,patient
old,pick,prize,palace,pattern
ole,pink,proof,parent,payable
one,pipe,proud,partly,payment
ooh,plan,prove,patent,penalty
opt,play,queen,people,pending
orb,plot,quick,period,pension
ore,plug,quiet,permit,percent
our,plus,quite,person,perfect
out,poll,radio,phrase,perform
owe,pool,raise,picked,perhaps
owl,poor,range,planet,phoenix
own,port,rapid,player,picking
pac,post,ratio,please,picture
pad,pull,reach,plenty,pioneer
pal,pure,ready,pocket,plastic
pam,push,refer,police,pointed
pan,race,right,policy,popular
pap,rail,rival,prefer,portion
par,rain,river,pretty,poverty
pas,rank,robin,prince,precise
pat,rare,roger,prison,predict
paw,rate,roman,profit,premier
pay,read,rough,proper,premium
pea,real,round,proven,prepare
peg,rear,route,public,present
pen,rely,royal,pursue,prevent
pep,rent,rural,raised,primary
per,rest,scale,random,printer
pet,rice,scene,rarely,privacy
pew,rich,scope,rather,private
phi,ride,score,rating,problem
pic,ring,sense,reader,proceed
pie,rise,serve,really,process
pig,risk,seven,reason,produce
pin,road,shall,recall,product
pip,rock,shape,recent,profile
pit,role,share,record,program
ply,roll,sharp,reduce,project
pod,roof,sheet,reform,promise
pol,room,shelf,regard,promote
pop,root,shell,regime,protect
pot,rose,shift,region,protein
pro,rule,shirt,relate,protest
psi,rush,shock,relief,provide
pub,ruth,shoot,remain,publish
pup,safe,short,remote,purpose
put,said,shown,remove,pushing
rad,sake,sight,repair,qualify
rag,sale,since,repeat,quality
raj,salt,sixth,replay,quarter
ram,same,sixty,report,radical
ran,sand,sized,rescue,railway
rap,save,skill,resort,readily
rat,seat,sleep,result,Reading
raw,seed,slide,retail,reality
ray,seek,small,retain,realize
red,seem,smart,return,receipt
ref,seen,smile,reveal,receive
reg,self,smith,review,recover
rem,sell,smoke,reward,reflect
rep,send,solid,riding,regular
rev,sent,solve,rising,related
rib,sept,sorry,robust,release
rid,ship,sound,ruling,remains
rig,shop,south,safety,removal
rim,shot,space,salary,removed
rip,show,spare,sample,replace
rob,shut,speak,saving,request
rod,sick,speed,saying,require
roe,side,spend,scheme,reserve
rot,sign,spent,school,resolve
row,site,split,screen,respect
rub,size,spoke,search,respond
rue,skin,sport,season,restore
rug,slip,staff,second,retired
rum,slow,stage,secret,revenue
run,snow,stake,sector,reverse
rye,soft,stand,secure,rollout
sab,soil,start,seeing,routine
sac,sold,state,select,running
sad,sole,steam,seller,satisfy
sae,some,steel,senior,science
sag,song,stick,series,section
sal,soon,still,server,segment
sap,sort,stock,settle,serious
sat,soul,stone,severe,service
saw,spot,stood,sexual,serving
say,star,store,should,session
sea,stay,storm,signal,setting
sec,step,story,signed,seventh
see,stop,strip,silent,several
sen,such,stuck,silver,shortly
set,suit,study,simple,showing
sew,sure,stuff,simply,silence
sex,take,style,single,silicon
she,tale,sugar,sister,similar
shy,talk,suite,slight,sitting
sic,tall,super,smooth,sixteen
sim,tank,sweet,social,skilled
sin,tape,table,solely,smoking
sip,task,taken,sought,society
sir,team,taste,source,somehow
sis,tech,taxes,soviet,someone
sit,tell,teach,speech,speaker
six,tend,teeth,spirit,special
ski,term,terry,spoken,species
sky,test,texas,spread,sponsor
sly,text,thank,spring,station
sod,than,theft,square,storage
sol,that,their,stable,strange
son,them,theme,status,stretch
sow,then,there,steady,student
soy,they,these,stolen,studied
spa,thin,thick,strain,subject
spy,this,thing,stream,succeed
sub,thus,think,street,success
sue,till,third,stress,suggest
sum,time,those,strict,summary
sun,tiny,three,strike,support
sup,told,threw,string,suppose
tab,toll,throw,strong,supreme
tad,tone,tight,struck,surface
tag,tony,times,studio,surgery
tam,took,tired,submit,surplus
tan,tool,title,sudden,survive
tap,tour,today,suffer,suspect
tar,town,topic,summer,sustain
tat,tree,total,summit,teacher
tax,trip,touch,supply,telecom
tea,true,tough,surely,telling
ted,tune,tower,survey,tension
tee,turn,track,switch,theatre
ten,twin,trade,symbol,therapy
the,type,train,system,thereby
thy,unit,treat,taking,thought
tie,upon,trend,talent,through
tin,used,trial,target,tonight
tip,user,tried,taught,totally
tod,vary,tries,tenant,touched
toe,vast,truck,tender,towards
tom,very,truly,tennis,traffic
ton,vice,trust,thanks,trouble
too,view,truth,theory,turning
top,vote,twice,thirty,typical
tor,wage,under,though,uniform
tot,wait,undue,threat,unknown
tow,wake,union,thrown,unusual
toy,walk,unity,ticket,upgrade
try,wall,until,timely,upscale
tub,want,upper,timing,utility
tug,ward,upset,tissue,variety
two,warm,urban,toward,various
use,wash,usage,travel,vehicle
van,wave,usual,treaty,venture
vat,ways,valid,trying,version
vet,weak,value,twelve,veteran
via,wear,video,twenty,victory
vie,week,virus,unable,viewing
vow,well,visit,unique,village
wan,went,vital,united,violent
war,were,voice,unless,virtual
was,west,waste,unlike,visible
wax,what,watch,update,waiting
way,when,water,useful,walking
web,whom,wheel,valley,wanting
wed,wide,where,varied,warning
wee,wife,which,vendor,warrant
wet,wild,while,versus,wearing
who,will,white,victim,weather
why,wind,whole,vision,webcast
wig,wine,whose,visual,website
win,wing,woman,volume,wedding
wis,wire,women,walker,weekend
wit,wise,world,wealth,welcome
won,wish,worry,weekly,welfare
woo,with,worse,weight,western
wow,wood,worst,wholly,whereas
wry,word,worth,window,whereby
wye,wore,would,winner,whether
yen,work,wound,winter,willing
yep,yard,write,within,winning
yes,yeah,wrong,wonder,without
yet,year,wrote,worker,witness
you,your,yield,wright,working
zip,zero,young,writer,writing
zoo,zone,youth,yellow,written